"variable","lower","upper","med","real","real.in.83","real.minus.med","percent.error","run_id"
"gorgonianElectivity",0.580274013484649,0.775673519930081,0.675729691035119,1.51270700980493,FALSE,0.836977318769809,-55.3297706260872,1
"fireElectivity",-0.15294333910964,0.0227475332496707,-0.0663683457010791,0.257921437532031,FALSE,0.32428978323311,-125.732000540993,1
"spongeElectivity",-0.326039266188055,-0.142674086952731,-0.235070135204817,0.0884402291595864,FALSE,0.323510364364404,-365.795484067148,1
"scleractinianElectivity",-0.492890971778889,-0.32154016951738,-0.40712878724867,-0.120896537539089,FALSE,0.286232249709581,236.758020978916,1
"gorgonianElectivity",0.756449997583366,1.02364392974698,0.886894079908196,0.676807624848904,FALSE,-0.210086455059292,31.0407931805132,2
"fireElectivity",-6.8873422655377,-2.47555543335916,-4.38375495738517,-2.82309722187196,TRUE,1.56065773551322,55.2817566260919,2
"spongeElectivity",-0.447315594086827,-0.210604682147957,-0.329695146059996,-0.255229423103625,TRUE,0.0744657229563718,29.1759946995368,2
"scleractinianElectivity",0.0127458870464053,0.243857392336591,0.126792257011174,-0.0492199267294202,FALSE,-0.176012183740594,-357.603506214459,2
"gorgonianElectivity",-0.59198535572465,-0.185555537660327,-0.391648349833379,-0.971385229151864,FALSE,-0.579736879318484,-59.6814592110552,3
"fireElectivity",-0.872290948382778,-0.411874451238901,-0.639965519998694,-1.09615624155886,FALSE,-0.456190721560163,-41.6173082143298,3
"spongeElectivity",0.866644939372732,1.32830316384534,1.0914437093591,0.0490504509375971,FALSE,-1.0423932584215,2125.14510773338,3
"scleractinianElectivity",-0.900720878617306,-0.456858194564373,-0.676759379725292,-1.19849585655778,FALSE,-0.521736476832488,-43.5326058056618,3
"gorgonianElectivity",-0.316128537137622,-0.108920696596947,-0.214093089503758,-0.193061140800734,TRUE,0.0210319487030238,10.893931640408,4
"fireElectivity",-0.554496951941293,-0.329766624086598,-0.442613626804448,-0.561229382374985,FALSE,-0.118615755570537,-21.1349867443833,4
"spongeElectivity",0.671334589700687,0.912253284382804,0.788910804123527,0.77504861251341,TRUE,-0.0138621916101169,1.78855769642154,4
"scleractinianElectivity",-0.373483525953428,-0.171397760358293,-0.272239808284906,-0.267563800591188,TRUE,0.00467600769371873,1.74762343911508,4
"gorgonianElectivity",-0.866213097939127,-0.639396867021758,-0.752134188860254,-0.631922936254832,FALSE,0.120211252605422,19.0230874223159,5
"fireElectivity",0.726187630166687,0.95158950643948,0.836156210208838,1.52049119383216,FALSE,0.684334983623325,-45.007494051877,5
"spongeElectivity",0.317468572873011,0.519657063646336,0.418129043253013,0.795955949415082,FALSE,0.377826906162069,-47.468318622371,5
"scleractinianElectivity",-1.58616847727417,-1.19686698924726,-1.38318282924596,-1.4535295651328,TRUE,-0.0703467358868428,-4.8397182674723,5
"gorgonianElectivity",-2.56675265035809,-1.60699487348742,-2.02250910588216,-2.00977845136,TRUE,0.0127306545221617,0.633435715939088,6
"fireElectivity",0.150866593867714,0.342145561232273,0.245434237168466,0.582537336030426,FALSE,0.33710309886196,-57.8680675060376,6
"spongeElectivity",0.39752614573191,0.599174339675132,0.496974646296024,0.884844259638174,FALSE,0.387869613342151,-43.8347889040673,6
"scleractinianElectivity",-0.134307221361659,0.0600722010636655,-0.0383049962220445,0.163431242194089,FALSE,0.201736238416133,-123.437988788309,6
"gorgonianElectivity",-1.64442381303757,-1.07501731725942,-1.34019244745655,-1.3464305394502,TRUE,-0.00623809199365755,-0.463305889972221,7
"fireElectivity",-0.018225428871968,0.247437411798564,0.113131804351582,-0.193570558113494,FALSE,-0.306702362465077,-158.44473738886,7
"spongeElectivity",-0.0331607217882176,0.231829177682039,0.0993215288311921,-0.00233595711367605,TRUE,-0.101657485944868,-4351.85583458302,7
"scleractinianElectivity",0.156483414517019,0.431417991200841,0.291035928286493,-0.0128297338671881,FALSE,-0.303865662153681,-2368.44867788578,7
"gorgonianElectivity",-0.138070001937477,0.0549237168548916,-0.042190448729958,0.145205135976491,FALSE,0.187395584706449,-129.055755119288,8
"fireElectivity",0.602234773708046,0.809912333612333,0.704093821890192,1.08443964583429,FALSE,0.380345823944098,-35.0730283059217,8
"spongeElectivity",-0.847682523707335,-0.631290240496629,-0.739874899419076,-0.478056357012336,FALSE,0.26181854240674,54.7672964842478,8
"scleractinianElectivity",-0.17700693567205,0.0140917321017379,-0.0821163486935699,0.117106040291602,FALSE,0.199222388985172,-170.12136051146,8
"gorgonianElectivity",-0.079779955775708,0.0882384988555681,0.00410146762598579,0.422306357473614,FALSE,0.418204889847628,-99.0287933029182,9
"fireElectivity",0.520432683865855,0.691900982512703,0.605590260464071,1.29473736320671,FALSE,0.689147102742643,-53.2267873258722,9
"spongeElectivity",-0.428136061532387,-0.25815961821387,-0.344213675440303,0.164714018573954,FALSE,0.508927694014257,-308.976551249495,9
"scleractinianElectivity",-0.234662855925476,-0.0695255554321724,-0.153149418417024,0.204953840800235,FALSE,0.358103259217259,-174.723858708408,9
"gorgonianElectivity",1.13246233371467,1.48655995021146,1.30525231791409,0.921606922714916,FALSE,-0.383645395199169,41.627876890183,10
"fireElectivity",-1.30407445263169,-0.931957120623437,-1.11343639221927,-1.1872945751275,TRUE,-0.0738581829082285,-6.22071257255571,10
"spongeElectivity",-0.287414242040259,-0.0374649524736325,-0.164328151384844,-0.20353096703733,TRUE,-0.0392028156524857,-19.2613518341391,10
"scleractinianElectivity",-0.989886487384967,-0.659376298612067,-0.821484161449329,-1.05911615191151,FALSE,-0.237631990462177,-22.4368205539398,10
"gorgonianElectivity",1.34147870094205,1.6844092736628,1.50719091905577,0.944127070994937,FALSE,-0.563063848060832,59.6385661802352,11
"fireElectivity",-0.99795149221293,-0.683343352549968,-0.838717415553029,-0.946260797708288,TRUE,-0.10754338215526,-11.3650890341981,11
"spongeElectivity",-0.399348957325833,-0.158204707388601,-0.278898249336048,-0.248288449238896,TRUE,0.0306098000971519,12.328322236086,11
"scleractinianElectivity",-1.48041833622165,-1.08562441653272,-1.2778338528078,-1.32843646853908,TRUE,-0.0506026157312764,-3.80918598139102,11
"gorgonianElectivity",0.732279903502792,0.915730532475175,0.821974853417131,1.66638346287584,FALSE,0.844408609458707,-50.6731270605284,12
"fireElectivity",-0.223055010830326,-0.0563857921032647,-0.140043550577953,0.0661672901315304,FALSE,0.206210840709483,-311.650726967309,12
"spongeElectivity",-1.78109171366713,-1.37436395373481,-1.56644600786971,-1.11826177076019,FALSE,0.448184237109514,40.0786514238825,12
"scleractinianElectivity",0.0665337415737341,0.236106123398831,0.149387604693656,0.48524772207913,FALSE,0.335860117385474,-69.2141564202346,12
"gorgonianElectivity",-0.244161547325609,-0.075030382774141,-0.160733674302065,0.259313538417069,FALSE,0.420047212719134,-161.984297188351,13
"fireElectivity",-0.192093439787317,-0.0248315042349295,-0.108993276072344,0.373134504519161,FALSE,0.482127780591505,-129.210184196929,13
"spongeElectivity",0.318728869707939,0.491967439068019,0.404774371999556,1.26466676928415,FALSE,0.859892397284591,-67.9935946898743,13
"scleractinianElectivity",-0.181070458716961,-0.0184857614601804,-0.100704975231405,0.325224996068265,FALSE,0.42592997129967,-130.964709493076,13
"gorgonianElectivity",0.730262019446053,0.949801698394207,0.837758892765555,0.801678860984581,TRUE,-0.036080031780974,4.50055920604696,14
"fireElectivity",0.162614582295159,0.357620423482263,0.260183948236384,0.372175475412209,FALSE,0.111991527175825,-30.0910550464903,14
"spongeElectivity",-0.438313291434641,-0.243318203008608,-0.342240620728036,-0.10378641308259,FALSE,0.238454207645446,229.754743962191,14
"scleractinianElectivity",-6.87328316225584,-2.38817978227479,-4.3379549959947,-1.83286857928085,FALSE,2.50508641671385,136.67572487367,14
"gorgonianElectivity",0.0841267123284717,0.447640156350567,0.262401965609174,-0.43289519356181,FALSE,-0.695297159170983,-160.615587678431,15
"fireElectivity",-0.854691228461485,-0.47140741993421,-0.663509876661853,-1.03101770806171,FALSE,-0.367507831399859,-35.6451522147728,15
"spongeElectivity",-1.49335550834934,-0.899366318343343,-1.18152336589852,-1.13433449832271,TRUE,0.0471888675758119,4.1600487021763,15
"scleractinianElectivity",0.47598247828732,0.872615115816754,0.666789959506092,-0.221098125377531,FALSE,-0.887888084883624,-401.581009955435,15
"gorgonianElectivity",-1.68868457037936,-1.29916533951485,-1.48363297122571,-1.57153619962166,TRUE,-0.0879032283959507,-5.59345870728989,16
"fireElectivity",-0.723420091419108,-0.519607862322362,-0.622324607737566,-0.488841161767338,FALSE,0.133483445970228,27.3060978514241,16
"spongeElectivity",1.12308210180632,1.35104687500092,1.23615526144463,2.18122554827368,FALSE,0.945070286829048,-43.3274902532211,16
"scleractinianElectivity",0.0206759226068149,0.207061317952251,0.113709370588592,0.508017884392083,FALSE,0.394308513803491,-77.6170536349008,16
"gorgonianElectivity",-0.119866674141684,0.0385697594589393,-0.0407241038058205,0.526907259597763,FALSE,0.567631363403584,-107.728894044259,17
"fireElectivity",-0.242802504405301,-0.0842589356955847,-0.163532615035212,0.240419981775496,FALSE,0.403952596810708,-168.019560532168,17
"spongeElectivity",0.200235275165217,0.357888197442569,0.278504455963007,0.898362457249366,FALSE,0.619858001286359,-68.9986537487618,17
"scleractinianElectivity",-0.0667802765066414,0.0898187683494056,0.0110819586525115,0.487968126935476,FALSE,0.476886168282965,-97.7289585034768,17
"gorgonianElectivity",0.163320494256063,0.366874459746843,0.263966324370251,0.357700971719117,TRUE,0.0937346473488662,-26.2047505485869,18
"fireElectivity",0.747060047472278,0.971676670218841,0.857479713122623,1.11407807577508,FALSE,0.256598362652455,-23.032350086769,18
"spongeElectivity",-0.336734349962767,-0.128481609797102,-0.233120642726819,-0.0113031165957382,FALSE,0.221817526131081,1962.44570470694,18
"scleractinianElectivity",-2.16977989652662,-1.56173970081069,-1.83490556679136,-2.02079485361479,TRUE,-0.18588928682343,-9.19882028058971,18
"gorgonianElectivity",0.576352302241372,0.742052861277034,0.658478040272381,1.93431433615124,FALSE,1.27583629587886,-65.9580644176699,19
"fireElectivity",0.142232251541761,0.301879888282867,0.220783514976296,0.837510875177963,FALSE,0.616727360201667,-73.6381315729923,19
"spongeElectivity",-0.758771955099621,-0.584455906111383,-0.671202025750621,-0.185346331084667,FALSE,0.485855694665954,262.133969322551,19
"scleractinianElectivity",-0.178559637628345,-0.020937921151297,-0.100603954171513,0.533329177764386,FALSE,0.6339331319359,-118.863388384867,19
"gorgonianElectivity",-0.068948251796415,0.195992305760488,0.061193490340925,-0.241073093255915,FALSE,-0.30226658359684,-125.383791079481,20
"fireElectivity",0.398696667325724,0.686440681131567,0.538760189617073,0.0208013698870077,FALSE,-0.517958819730065,2490.02264054531,20
"spongeElectivity",-0.709001567585258,-0.414636158507101,-0.563997395164759,-0.557100693873974,TRUE,0.00689670129078523,1.23796314860548,20
"scleractinianElectivity",-0.404542945472686,-0.140689641425091,-0.273109043450643,-0.488372697613182,FALSE,-0.21526365416254,-44.0777412854148,20
"gorgonianElectivity",-0.250010515346524,0.0128875452394645,-0.117686848678932,-0.430651169136371,FALSE,-0.312964320457439,-72.6723489651866,21
"fireElectivity",-1.2391079362152,-0.847211059449097,-1.03803673798353,-1.13333905267279,TRUE,-0.0953023146892655,-8.40898533095731,21
"spongeElectivity",-6.87740371821141,-2.25908435963028,-4.30057463462007,-2.23717155976963,FALSE,2.06340307485044,92.2326705718947,21
"scleractinianElectivity",1.25400509171587,1.6278113250431,1.43263099326311,0.514639572443142,FALSE,-0.917991420819965,178.375599152237,21
"gorgonianElectivity",-0.0496745726857968,0.142245939740876,0.0455601925530162,0.0923098869672217,TRUE,0.0467496944142055,-50.6442981896466,22
"fireElectivity",-0.015726283807634,0.175343075634245,0.0787162984294705,0.103619624300741,TRUE,0.0249033258712707,-24.033406837099,22
"spongeElectivity",-0.130729051534856,0.0585015451620749,-0.0375389992079147,0.146830577419243,FALSE,0.184369576627157,-125.566200084285,22
"scleractinianElectivity",-0.180341582610942,0.0107305257210811,-0.084526059946935,-0.0129375316642685,TRUE,0.0715885282826666,553.339927123683,22
"gorgonianElectivity",-0.328403147227059,0.0234714180756831,-0.153136026869928,-0.701999719088772,FALSE,-0.548863692218844,-78.1857424289705,23
"fireElectivity",-1.26905620881541,-0.793993586599685,-1.02815962716204,-1.40383903257398,FALSE,-0.375679405411931,-26.7608605185392,23
"spongeElectivity",-0.302937926905172,0.0476177054867307,-0.130888906801903,-0.398823930892521,FALSE,-0.267935024090618,-67.1812805944245,23
"scleractinianElectivity",0.572946878589922,0.966229347693578,0.762681573898844,-0.110421799564805,FALSE,-0.873103373463649,-790.698373785545,23
"gorgonianElectivity",-0.316320252982324,-0.123510815245967,-0.221467412935906,-0.143989353898028,TRUE,0.0774780590378779,53.8081857723641,24
"fireElectivity",0.134667633868494,0.334272072693686,0.234151957219903,0.353385103864509,FALSE,0.119233146644607,-33.7402865431254,24
"spongeElectivity",-0.593176911680988,-0.377513862356471,-0.485554030101179,-0.297514938173094,FALSE,0.188039091928085,63.203243871635,24
"scleractinianElectivity",0.267103943949945,0.463394891459212,0.363951456252668,0.555326179015324,FALSE,0.191374722762656,-34.461678558355,24
"gorgonianElectivity",-0.384291657773275,-0.131272365010703,-0.259102623508124,-0.420884069657012,FALSE,-0.161781446148888,-38.4384817132013,25
"fireElectivity",-0.309232804313008,-0.0678256537635244,-0.189583139608976,-0.339466559977085,FALSE,-0.14988342036811,-44.1526318168797,25
"spongeElectivity",0.68092951397129,0.963987496530632,0.819497026396959,0.518080388363255,FALSE,-0.301416638033704,58.1795112889631,25
"scleractinianElectivity",-0.785839511499514,-0.522349643870469,-0.654332632308196,-0.869387621013225,FALSE,-0.215054988705029,-24.7363757554304,25
"gorgonianElectivity",-1.07743013725307,-0.729339626362743,-0.902812754041039,-0.966299901527048,TRUE,-0.063487147486009,-6.57012873391377,26
"fireElectivity",0.562094615244471,0.839806767400338,0.699323257128332,0.471329909129783,FALSE,-0.227993347998549,48.3723488754392,26
"spongeElectivity",0.154887589654837,0.414715356611171,0.283695245052904,0.205337791071252,TRUE,-0.0783574539816514,38.1602692679505,26
"scleractinianElectivity",-0.977988624124503,-0.655988448261538,-0.815295663157287,-1.01888307611964,FALSE,-0.20358741296235,-19.981430424549,26
"gorgonianElectivity",-0.811203908648323,-0.524304674796311,-0.665511912345575,-0.791235649678155,TRUE,-0.125723737332579,-15.8895440800372,27
"fireElectivity",0.563945365878442,0.85384282388213,0.70475517226165,0.388512274160985,FALSE,-0.316242898100665,81.3984316926949,27
"spongeElectivity",0.238833623597454,0.502889123086581,0.368175948667068,0.253998499450374,TRUE,-0.114177449216694,44.9520172220553,27
"scleractinianElectivity",-6.87791998481248,-2.17501356247961,-4.26004527552337,-2.18716829258598,TRUE,2.07287698293739,94.7744620276361,27
"gorgonianElectivity",0.712330804188678,0.979774783282368,0.842607994039696,0.481606511861023,FALSE,-0.361001482178673,74.9577659952503,28
"fireElectivity",-1.40814822834178,-1.00896530648495,-1.20309828669577,-1.14814999329978,TRUE,0.0549482933959913,4.78581141110928,28
"spongeElectivity",-0.24833812689172,-0.0158627818135044,-0.132670219685316,-0.136766976418644,TRUE,-0.00409675673332788,-2.995428312159,28
"scleractinianElectivity",-0.240190952581872,-0.00373600883730441,-0.121619052661292,-0.206479856817317,TRUE,-0.0848608041560254,-41.0988294277567,28
"gorgonianElectivity",-0.12935695039823,0.0548676313811171,-0.0381769119551685,0.164441350143759,FALSE,0.202618262098927,-123.216126553202,29
"fireElectivity",-0.195774448950404,-0.00768190011369188,-0.103113387214088,-0.034705900963032,TRUE,0.0684074862510559,197.106210623727,29
"spongeElectivity",-1.44758152845569,-1.09372161994417,-1.26602163328053,-0.920743815374439,FALSE,0.345277817906094,37.4998791347493,29
"scleractinianElectivity",0.656235055561248,0.871206337080352,0.762247748345902,1.14805514963721,FALSE,0.385807401291307,-33.6053020983551,29
"gorgonianElectivity",-1.47200242150103,-1.12172792714292,-1.29044386513463,-1.19415779808829,TRUE,0.0962860670463399,8.06309410703366,30
"fireElectivity",0.345627692598071,0.547164330189616,0.446429677491958,0.608586995329072,FALSE,0.162157317837114,-26.644887104338,30
"spongeElectivity",-0.683577620870615,-0.478396658282146,-0.581117017785829,-0.420262628494242,FALSE,0.160854389291587,38.2747307006363,30
"scleractinianElectivity",0.705853108815221,0.923384908357536,0.813440218359139,0.934690112123445,FALSE,0.121249893764306,-12.972202464927,30
"gorgonianElectivity",-0.054633391072732,0.15669626040334,0.049142040401662,0.111574061825906,TRUE,0.0624320214242437,-55.9556767966907,31
"fireElectivity",-1.14048145964621,-0.843537296826479,-0.989417427748683,-1.01000268728493,TRUE,-0.0205852595362512,-2.03813908570759,31
"spongeElectivity",0.738843084173437,0.986640543520226,0.861318715858933,0.887879801316048,TRUE,0.0265610854571152,-2.99151815569465,31
"scleractinianElectivity",-0.454716220720673,-0.241421698292729,-0.349050492307409,-0.307217559138982,TRUE,0.0418329331684273,13.6167129527588,31
"gorgonianElectivity",0.386625430279085,0.565110629840866,0.47545526656659,1.00991379491475,FALSE,0.534458528348157,-52.921202882794,32
"fireElectivity",0.301783929144247,0.476706093242177,0.388376259653417,0.903067154640742,FALSE,0.514690894987325,-56.9936457485356,32
"spongeElectivity",-1.24737414589788,-0.980663368884417,-1.11219716308251,-0.80519862165049,FALSE,0.306998541432021,38.1270574957937,32
"scleractinianElectivity",-0.303737790575299,-0.130949639482029,-0.217389396046858,0.06286534474169,FALSE,0.280254740788548,-445.801644674182,32
"gorgonianElectivity",-0.717779623702958,-0.486385616633022,-0.603001331353484,-0.534776646171061,TRUE,0.0682246851824229,12.7576036969646,33
"fireElectivity",0.41958695308571,0.650860122727135,0.533507589864412,0.495058274885941,TRUE,-0.0384493149784711,7.76662403781245,33
"spongeElectivity",0.402073166981813,0.642930667595165,0.521246072094381,0.548494049782142,TRUE,0.0272479776877611,-4.967779996626,33
"scleractinianElectivity",-1.30820920711477,-0.947247788086939,-1.12372812595753,-1.22774261421895,TRUE,-0.104014488261418,-8.4720109131008,33
"gorgonianElectivity",-0.739459719248108,-0.544128147862168,-0.643016936107138,-0.471358191998602,FALSE,0.171658744108536,36.4178976885258,34
"fireElectivity",-0.710352419201757,-0.526548890943734,-0.618583298201606,-0.455688824645648,FALSE,0.162894473555958,35.7468660072204,34
"spongeElectivity",-0.241046580872894,-0.067303385668519,-0.154241589048214,0.132562261368236,FALSE,0.28680385041645,-216.35407200829,34
"scleractinianElectivity",1.15268640297182,1.37663467355717,1.26310462817582,2.24819234779111,FALSE,0.985087719615282,-43.8168789509114,34
"gorgonianElectivity",0.380206778189667,0.569099317679245,0.47377646413929,1.22252541528467,FALSE,0.748748951145381,-61.2460846853667,35
"fireElectivity",0.219715723782625,0.403160765036423,0.309715349723226,0.895862262639488,FALSE,0.586146912916262,-65.4282401838527,35
"spongeElectivity",-0.335051908918293,-0.144165132151482,-0.239999247840698,0.203905063037902,FALSE,0.4439043108786,-217.701465704207,35
"scleractinianElectivity",-0.633560559517543,-0.430034081568032,-0.531217444377896,-0.215998412229601,FALSE,0.315219032148295,145.935809849021,35
"gorgonianElectivity",0.0316624898873387,0.259084347737936,0.144093247415426,0.164403327544996,TRUE,0.0203100801295697,-12.3538132912857,36
"fireElectivity",0.801379371052104,1.06921415697548,0.931008777876519,0.658046630790221,FALSE,-0.272962147086298,41.4806693499075,36
"spongeElectivity",-1.12973713491938,-0.797646325811515,-0.96272076414425,-0.774419742308801,FALSE,0.188301021835449,24.3151112436857,36
"scleractinianElectivity",-1.00653225475809,-0.71647239529904,-0.860352442837582,-0.908575751699022,TRUE,-0.0482233088614393,-5.30757163299401,36
"gorgonianElectivity",-0.418649916865241,-0.150422989349805,-0.286337856191211,-0.497749386024871,FALSE,-0.21141152983366,-42.4734888217615,37
"fireElectivity",-0.490830560723951,-0.221491914720901,-0.357033060352706,-0.637044510630347,FALSE,-0.28001145027764,-43.9547701306731,37
"spongeElectivity",1.01680269345177,1.34788960799526,1.1774087415931,0.676231932030489,FALSE,-0.50117680956261,74.1131534646331,37
"scleractinianElectivity",-6.89747927144048,-2.2010192668874,-4.27954876059653,-1.869411030258,FALSE,2.41013773033853,128.924976440623,37
"gorgonianElectivity",-0.64801902712996,-0.395951530178819,-0.522869853998652,-0.493841400125334,TRUE,0.0290284538733186,5.87809241306042,38
"fireElectivity",1.14374222188719,1.46132904652078,1.29906282684597,1.04331053746515,FALSE,-0.255752289380818,24.513534580241,38
"spongeElectivity",-0.452346354276455,-0.216399812765842,-0.335485858018296,-0.183860938596854,FALSE,0.151624919421443,82.4671736033645,38
"scleractinianElectivity",-1.15859560678742,-0.823656623597712,-0.989162785712674,-1.0484590482976,TRUE,-0.0592962625849298,-5.65556305524855,38
"gorgonianElectivity",1.40198981578603,1.67849978756395,1.53512265534102,2.48092038385889,FALSE,0.945797728517867,-38.1228569312954,39
"fireElectivity",-0.174954319401794,0.0132968100141158,-0.0813430351768597,0.0271648423874321,FALSE,0.108507877564292,-399.442323341045,39
"spongeElectivity",-6.94175426076058,-2.34365396434996,-4.34710957958318,-1.45270517345354,FALSE,2.89440440612964,199.242383039686,39
"scleractinianElectivity",-0.925789416999557,-0.708255088541119,-0.81804819683713,-0.673642807416947,FALSE,0.144405389420183,21.4364924304468,39
"gorgonianElectivity",-0.189578630881282,0.0285560874503216,-0.0812784885705018,-0.137590944461716,TRUE,-0.0563124558912147,-40.927443380464,40
"fireElectivity",-1.09648056559177,-0.803195987053169,-0.949791119428937,-1.02405325648626,TRUE,-0.0742621370573273,-7.25178466910362,40
"spongeElectivity",-0.561482254742002,-0.323423659702225,-0.442741002209613,-0.392370438966507,TRUE,0.0503705632431056,12.837502074769,40
"scleractinianElectivity",0.808039022327223,1.06076691073976,0.932520898109511,0.721879530415249,FALSE,-0.210641367694262,29.1795734356249,40
"gorgonianElectivity",1.15881185791392,1.44837882443497,1.29979379578448,1.47202881872208,FALSE,0.172235022937598,-11.70051976884,41
"fireElectivity",-1.16500767134959,-0.863222017601883,-1.01310760220045,-1.03754711208436,TRUE,-0.0244395098839043,-2.3555084486532,41
"spongeElectivity",-0.908889557841398,-0.64942910124403,-0.778768573924687,-0.571449343788699,FALSE,0.207319230135988,36.2795464531406,41
"scleractinianElectivity",-0.226266046864619,-0.00547728799153596,-0.116421240080437,-0.0767891104349022,TRUE,0.0396321296455351,51.6116535548789,41
"gorgonianElectivity",-1.6124232433541,-1.1908846733091,-1.39212172487236,-1.54550313536287,TRUE,-0.15338141049051,-9.92436747496454,42
"fireElectivity",0.678915266633687,0.950267598212525,0.813336281627608,0.574196805059663,FALSE,-0.239139476567945,41.6476501542178,42
"spongeElectivity",0.564492229363884,0.823890059902748,0.691687957843391,0.539068868343377,FALSE,-0.152619089500013,28.3116125716979,42
"scleractinianElectivity",-6.88839712019611,-2.2445773862659,-4.29059435693559,-1.87912696299922,FALSE,2.41146739393637,128.329135892313,42
"gorgonianElectivity",-0.47920924974876,-0.272518401403594,-0.376173818351797,-0.248933255655566,FALSE,0.127240562696231,51.1143287630023,43
"fireElectivity",0.279418380545404,0.474078393837445,0.375172396988929,0.515388673918764,FALSE,0.140216276929835,-27.2059290445206,43
"spongeElectivity",0.0555771648457931,0.257645285573886,0.155592387573544,0.442785820060402,FALSE,0.287193432486858,-64.8605758078886,43
"scleractinianElectivity",-0.294680888827354,-0.105514342034503,-0.200410402449242,-0.117116618623996,TRUE,0.083293783825246,71.1203796727275,43
"gorgonianElectivity",0.663315309206081,0.920677228630535,0.790281337033755,0.651552983348068,FALSE,-0.138728353685687,21.2919528006484,44
"fireElectivity",-0.459554141474464,-0.228241464420477,-0.345102090791338,-0.492699000387281,FALSE,-0.147596909595943,-29.9568112539149,44
"spongeElectivity",0.0818959093659001,0.31370626621907,0.196926123083651,0.274204588618376,TRUE,0.0772784655347248,-28.182776197913,44
"scleractinianElectivity",-1.34074067983676,-0.990775613343506,-1.1592241545738,-1.30416429406882,TRUE,-0.144940139495012,-11.1136411381743,44
"gorgonianElectivity",0.607490966246309,0.815397874730837,0.710352594160127,1.1773236654154,FALSE,0.466971071255274,-39.6637802307754,45
"fireElectivity",-0.0652821980460978,0.124160022354935,0.0297166435278029,0.192566454895148,FALSE,0.162849811367345,-84.5681099836503,45
"spongeElectivity",-0.482542168629726,-0.288997267971734,-0.3864877890001,-0.00723908878469659,FALSE,0.379248700215403,5238.90107574221,45
"scleractinianElectivity",-0.634360752265518,-0.424582143050959,-0.528408328198101,-0.462310513259255,TRUE,0.0660978149388455,14.297277055817,45
"gorgonianElectivity",-1.09867547662681,-0.824676002128991,-0.961041058147867,-0.913036074068708,TRUE,0.0480049840791599,5.25773136928075,46
"fireElectivity",-0.484341740899133,-0.275660314426105,-0.379975672139785,-0.283087085221088,TRUE,0.0968885869186967,34.2257178009473,46
"spongeElectivity",0.712759824533779,0.94408657328134,0.82719423872969,1.02386396802922,FALSE,0.196669729299531,-19.2085799911574,46
"scleractinianElectivity",0.0576823622652103,0.261227136891671,0.158187271371787,0.229624508779677,TRUE,0.0714372374078897,-31.1104584556491,46
"gorgonianElectivity",-0.106251571545183,0.0396774458462655,-0.0335229160475525,0.625906596890689,FALSE,0.659429512938242,-105.355897543513,47
"fireElectivity",-0.118818438638792,0.0244285959410496,-0.0474907380889013,0.817892823041214,FALSE,0.865383561130115,-105.806474485534,47
"spongeElectivity",-0.111692877670508,0.0327548752443236,-0.0398446277230707,0.846438126417034,FALSE,0.886282754140105,-104.707329039127,47
"scleractinianElectivity",0.221579035161568,0.366541174011027,0.292728664595852,1.33169732315778,FALSE,1.03896865856193,-78.0183785380209,47
"gorgonianElectivity",1.72240163177288,2.1211913055127,1.91596931870277,1.30675787046291,FALSE,-0.609211448239863,46.6200710942765,48
"fireElectivity",-0.886646250713597,-0.608974009226798,-0.749192605688259,-0.843195927384003,TRUE,-0.0940033216957439,-11.148455375892,48
"spongeElectivity",-6.84227709246815,-2.44165408698243,-4.33108287987434,-2.45610734589455,TRUE,1.87497553397979,76.3393154258446,48
"scleractinianElectivity",-0.776606323731552,-0.497945340558516,-0.638994974598513,-0.926232119437339,FALSE,-0.287237144838826,-31.0113565283522,48
"gorgonianElectivity",0.516230314899453,0.919487368984927,0.710846992527011,-0.129966893255263,FALSE,-0.840813885782274,-646.944667770788,49
"fireElectivity",-0.524824309467842,-0.116038378349453,-0.323123260948084,-0.865052891545505,FALSE,-0.541929630597421,-62.6469937149403,49
"spongeElectivity",-0.673323911503344,-0.272000572947343,-0.473504025326103,-0.825638182890832,FALSE,-0.352134157564729,-42.6499361175123,49
"scleractinianElectivity",-0.755376896543383,-0.311578718132147,-0.531592038015457,-0.954139075093771,FALSE,-0.422547037078313,-44.2856862388522,49
"gorgonianElectivity",0.288842794929333,0.438049816779308,0.362746431776156,1.56062212855081,FALSE,1.19787569677466,-76.7562932025704,50
"fireElectivity",-0.127656269743015,0.0191294858458057,-0.0544892783561486,0.693253280037525,FALSE,0.747742558393674,-107.859938052251,50
"spongeElectivity",-0.94971764016774,-0.761666800603437,-0.855932399338331,-0.407801296127425,FALSE,0.448131103210906,109.889573051008,50
"scleractinianElectivity",0.401650634529166,0.554122496354498,0.477162567239372,1.75925871846703,FALSE,1.28209615122766,-72.8770667878141,50
